timestamp,open,high,low,close,volume,close_time,quote_asset_volume,number_of_trades,taker_buy_base_asset_volume,taker_buy_quote_asset_volume,ignore
2023-03-04,22354.34000000,22410.00000000,22157.08000000,22346.57000000,121257.38132000,1677974399999,2706422995.68025610,4169260,60043.33153000,1340204531.15407010,0
2023-03-05,22346.57000000,22662.09000000,22189.22000000,22430.24000000,154841.75786000,1678060799999,3473011455.18795160,4835978,77394.35765000,1735989090.89956100,0
2023-03-06,22430.24000000,22602.19000000,22258.00000000,22410.00000000,203751.82957000,1678147199999,4569102169.18569090,6471278,102110.26304000,2289889200.16671640,0
2023-03-07,22409.41000000,22557.91000000,21927.00000000,22197.96000000,292519.80912000,1678233599999,6517594938.24605280,7813394,145498.64219000,3242136502.65467320,0
2023-03-08,22198.56000000,22287.00000000,21580.00000000,21705.44000000,301460.57272000,1678319999999,6641171704.24242130,8018963,150008.02488000,3304860256.10499370,0
2023-03-09,21704.37000000,21834.99000000,20042.72000000,20362.22000000,443658.28584000,1678406399999,9403028764.70777380,10076702,217900.59621000,4619803522.04323720,0
2023-03-10,20362.21000000,20367.78000000,19549.09000000,20150.69000000,618456.46710000,1678492799999,12344992788.91249570,12106261,308155.80993000,6151475123.53551420,0
2023-03-11,20150.69000000,20686.51000000,19765.03000000,20455.73000000,427831.82133000,1678579199999,8651590672.46852580,10412300,213151.47855000,4310534195.90929190,0
2023-03-12,20455.73000000,22150.00000000,20270.60000000,21997.11000000,430944.94288000,1678665599999,8982418413.80113910,9721933,218639.06880000,4558127964.92580440,0
2023-03-13,21998.05000000,24500.00000000,21813.88000000,24113.48000000,687889.31259000,1678751999999,15824996078.60563840,14820760,346688.17025000,7976620081.70609870,0
2023-03-14,24112.27000000,26386.87000000,23976.42000000,24670.41000000,699360.93423000,1678838399999,17465307097.88407330,15223589,351739.11994000,8783916247.67613780,0
2023-03-15,24670.41000000,25196.97000000,23896.95000000,24285.66000000,581450.72984000,1678924799999,14291005743.89785140,12613034,291192.86696000,7157472156.96233370,0
2023-03-16,24285.66000000,25167.40000000,24123.00000000,24998.78000000,439421.32998000,1679011199999,10847330151.94100580,10418081,220403.30289000,5441432259.26084610,0
2023-03-17,24998.78000000,27756.84000000,24890.00000000,27395.13000000,624460.68091000,1679097599999,16476681071.24337980,13113359,318022.61356000,8392477832.00232200,0
2023-03-18,27395.13000000,27724.85000000,26578.00000000,26907.49000000,371238.97174000,1679183999999,10135945069.64262880,9948603,185687.70768000,5070480124.59387840,0
2023-03-19,26907.49000000,28390.10000000,26827.22000000,27972.87000000,372066.99054000,1679270399999,10264707987.59416350,9578297,188150.56147000,5191102286.40091840,0
2023-03-20,27972.87000000,28472.00000000,27124.47000000,27717.01000000,477378.23373000,1679356799999,13300424536.51492210,11775950,239765.29148000,6680704887.53214600,0
2023-03-21,27717.01000000,28438.55000000,27303.10000000,28105.47000000,420929.74220000,1679443199999,11760492716.33759010,11530870,210472.34027000,5880942507.63001030,0
2023-03-22,28107.81000000,28868.05000000,26601.80000000,27250.97000000,224113.41296000,1679529599999,6272099822.44962380,3589327,110355.97386000,3089585214.11506410,0
2023-03-23,27250.97000000,28750.00000000,27105.00000000,28295.41000000,128649.60818000,1679615999999,3591123573.11495830,2159091,65172.02479000,1819323637.29034450,0
2023-03-24,28295.42000000,28374.30000000,27000.00000000,27454.47000000,86242.06544000,1679702399999,2403443392.02730140,1511137,41449.56122000,1155147465.73899320,0
2023-03-25,27454.46000000,27787.33000000,27156.09000000,27462.95000000,50844.08102000,1679788799999,1397227639.21413780,1088721,25326.94876000,696042529.08396240,0
2023-03-26,27462.96000000,28194.40000000,27417.76000000,27968.05000000,49671.70353000,1679875199999,1380973402.99612050,1068196,25248.15818000,702028235.05732650,0
2023-03-27,27968.05000000,28023.86000000,26508.14000000,27124.91000000,88039.46898000,1679961599999,2407130888.03460520,1575264,43151.91539000,1179905180.61352780,0
2023-03-28,27124.90000000,27520.00000000,26631.78000000,27261.07000000,78602.44341000,1680047999999,2124533606.76555600,1521981,38972.61486000,1053473599.25876880,0
2023-03-29,27261.06000000,28650.00000000,27240.10000000,28348.60000000,89486.16008000,1680134399999,2519887866.21115870,1704217,45742.08025000,1288220696.49267820,0
2023-03-30,28348.60000000,29184.68000000,27686.00000000,28028.53000000,98865.43256000,1680220799999,2808471938.64244290,1843652,49100.20979000,1394972886.70623690,0
2023-03-31,28028.53000000,28656.69000000,27511.71000000,28465.36000000,78198.12139000,1680307199999,2203253311.77735070,1537349,39636.47111000,1117184234.18685750,0
2023-04-01,28465.36000000,28819.71000000,28220.27000000,28452.73000000,30238.44753000,1680393599999,860804237.45226890,822781,15171.37738000,431931567.48274810,0
2023-04-02,28452.74000000,28530.00000000,27856.43000000,28171.87000000,37365.65692000,1680479999999,1053600933.06768050,938464,17897.01839000,504647268.08636430,0
2023-04-03,28171.87000000,28500.99000000,27200.24000000,27800.00000000,79180.01405000,1680566399999,2214361048.78236680,1651062,40534.82008000,1133865764.09162880,0
2023-04-04,27800.00000000,28444.44000000,27662.79000000,28165.47000000,49722.55691000,1680652799999,1397141464.87503610,1102007,25083.95234000,704845402.41914090,0
2023-04-05,28165.47000000,28775.00000000,27805.10000000,28170.01000000,60737.64732000,1680739199999,1721098539.06605670,1262730,30556.88672000,865971090.17046820,0
2023-04-06,28170.01000000,28182.05000000,27711.00000000,28033.82000000,40118.94963000,1680825599999,1122713087.55618260,934548,19308.64369000,540384260.85680000,0
2023-04-07,28033.83000000,28100.00000000,27766.94000000,27906.33000000,24762.09387000,1680911999999,691323748.92864130,655634,11983.13367000,334559478.47028190,0
2023-04-08,27906.34000000,28154.99000000,27859.02000000,27938.38000000,19479.96735000,1680998399999,545324518.68607540,624159,9729.24214000,272366679.34403870,0
2023-04-09,27938.38000000,28530.00000000,27800.00000000,28323.76000000,32531.16101000,1681084799999,913915923.69519570,777589,16885.70757000,474454325.35692960,0
2023-04-10,28323.76000000,29770.00000000,28170.00000000,29637.34000000,67754.06220000,1681171199999,1955300943.17083050,1285695,36147.62326000,1043138687.59161250,0
2023-04-11,29637.35000000,30550.00000000,29590.00000000,30200.42000000,67990.07621000,1681257599999,2046078278.08211760,1340458,34766.92718000,1046250622.29345680,0
2023-04-12,30200.43000000,30486.00000000,29637.40000000,29888.07000000,62049.48451000,1681343999999,1863497606.14153030,1246556,31136.38576000,935223730.57256700,0
2023-04-13,29888.07000000,30595.00000000,29854.59000000,30373.84000000,51934.11731000,1681430399999,1571091101.12996720,1054144,26767.65298000,809748635.00258690,0
2023-04-14,30373.84000000,31000.00000000,29966.00000000,30466.93000000,75984.19452000,1681516799999,2323267494.38023010,1504180,38406.59006000,1174371283.56516650,0
2023-04-15,30466.93000000,30595.60000000,30202.00000000,30295.09000000,25429.81247000,1681603199999,772211097.61401600,732418,12424.34509000,377293528.31290670,0
2023-04-16,30295.10000000,30549.99000000,30120.00000000,30304.65000000,26431.99322000,1681689599999,801322926.15256510,708233,13163.73591000,399115587.00359810,0
2023-04-17,30304.66000000,30316.06000000,29240.65000000,29430.27000000,56441.81127000,1681775999999,1675287761.43303550,1137294,26880.17771000,797711012.80718160,0
2023-04-18,29430.27000000,30485.00000000,29096.78000000,30380.01000000,62004.89434000,1681862399999,1861001491.97869730,1141562,32417.57068000,972769560.73030390,0
2023-04-19,30380.01000000,30413.53000000,28520.00000000,28797.10000000,86575.48656000,1681948799999,2541283888.30344700,1699891,41467.78872000,1217556267.20109590,0
2023-04-20,28797.10000000,29088.30000000,28010.00000000,28243.65000000,76879.09372000,1682035199999,2198854031.42474610,1434642,36919.58585000,1055949765.77249960,0
2023-04-21,28243.65000000,28374.02000000,27125.00000000,27262.84000000,77684.76790000,1682121599999,2164667611.93546060,1463628,38419.13612000,1070540576.47579210,0
2023-04-22,27262.84000000,27882.72000000,27140.35000000,27816.85000000,36023.69686000,1682207999999,989379475.32182320,859500,18612.89655000,511200971.63622680,0
2023-04-23,27816.85000000,27816.85000000,27311.25000000,27590.60000000,34812.09581000,1682294399999,959389698.75725510,873485,17610.47671000,485328645.69431090,0
2023-04-24,27590.59000000,28000.00000000,26942.82000000,27510.93000000,53111.56874000,1682380799999,1458406515.64042130,1211080,25641.28044000,704079582.65149220,0
2023-04-25,27510.93000000,28399.99000000,27192.00000000,28300.79000000,52325.14637000,1682467199999,1446329375.24273110,1087067,26833.47192000,742069216.99895360,0
2023-04-26,28300.80000000,30036.00000000,27235.00000000,28415.29000000,129228.40403000,1682553599999,3719701461.90916330,2261942,64540.55521000,1857698379.26540040,0
2023-04-27,28415.29000000,29890.00000000,28378.86000000,29472.77000000,95430.82431000,1682639999999,2784859692.36461990,1990148,48601.97474000,1418439305.61790460,0
2023-04-28,29472.77000000,29599.54000000,28891.00000000,29311.70000000,54298.16578000,1682726399999,1590683771.66819790,1129240,26659.21640000,780784851.54703740,0
2023-04-29,29311.69000000,29448.88000000,29031.00000000,29230.45000000,20466.83058000,1682812799999,599466910.04666210,619319,10024.59978000,293627195.70583270,0
2023-04-30,29230.45000000,29969.39000000,29079.59000000,29233.21000000,39752.53720000,1682899199999,1172155267.87618970,949458,19894.27252000,586711670.55607390,0
2023-05-01,29233.20000000,29337.34000000,27666.95000000,28068.26000000,64433.65958000,1682985599999,1828221138.95443980,1362793,30761.92690000,872712018.18082540,0
2023-05-02,28068.26000000,28879.88000000,27872.00000000,28669.86000000,50824.52240000,1683071999999,1441733922.01164440,1174697,24789.36748000,703206831.78018060,0
2023-05-03,28669.85000000,29266.66000000,28113.69000000,29026.16000000,64615.79213000,1683158399999,1845961218.84324360,1502909,32291.20998000,922549963.25075790,0
2023-05-04,29026.16000000,29379.83000000,28663.64000000,28838.16000000,42575.47501000,1683244799999,1233816136.16065770,961542,20470.21240000,593281438.93813760,0
2023-05-05,28838.16000000,29677.00000000,28800.00000000,29505.61000000,58415.83048000,1683331199999,1709786814.90113400,1288027,29071.98606000,850975342.64243030,0
2023-05-06,29505.60000000,29820.00000000,28300.00000000,28848.20000000,49249.28459000,1683417599999,1429517892.78050220,1221021,23315.95073000,676717267.01172240,0
2023-05-07,28848.19000000,29138.29000000,28395.23000000,28430.10000000,30003.41028000,1683503999999,865838535.32638210,855425,14904.01102000,430162358.62942520,0
2023-05-08,28430.09000000,28631.01000000,27262.00000000,27668.79000000,68244.36179000,1683590399999,1903052694.66841270,1600637,32347.56935000,901988104.11036000,0
2023-05-09,27668.80000000,27818.00000000,27353.00000000,27628.27000000,40113.31069000,1683676799999,1106923908.30584690,1003698,20094.09737000,554561922.80537130,0
2023-05-10,27628.28000000,28331.42000000,26777.00000000,27598.75000000,71155.11355000,1683763199999,1971173412.43550200,1534579,34398.83676000,953153016.50961890,0
2023-05-11,27598.74000000,27630.14000000,26702.05000000,26968.62000000,47635.31365000,1683849599999,1295799109.01100400,1257000,23270.11723000,632925807.49257740,0
2023-05-12,26968.61000000,27091.12000000,25811.46000000,26795.01000000,67207.93494000,1683935999999,1777052127.73109300,1351633,33147.27251000,876487224.25504230,0
2023-05-13,26795.01000000,27045.45000000,26692.03000000,26775.28000000,22814.90421000,1684022399999,612062852.08668820,605049,10959.29947000,294038915.03262630,0
2023-05-14,26775.27000000,27200.00000000,26560.53000000,26917.62000000,21594.80360000,1684108799999,580801698.00026930,629537,10672.14983000,287060095.33152760,0
2023-05-15,26917.61000000,27663.59000000,26726.00000000,27162.14000000,40430.08333000,1684195199999,1104633264.13157390,935914,19301.24631000,527237637.33101340,0
2023-05-16,27162.15000000,27296.89000000,26852.11000000,27033.84000000,33270.45451000,1684281599999,900273404.60103310,815642,15970.99932000,432214355.05613440,0
2023-05-17,27033.85000000,27500.00000000,26544.71000000,27405.61000000,42958.97785000,1684367999999,1159714527.63526350,1016823,21634.02212000,584185553.79130670,0
2023-05-18,27405.62000000,27485.33000000,26361.20000000,26821.28000000,49198.65143000,1684454399999,1330745572.69463720,1057318,23659.89374000,640128055.90684370,0
2023-05-19,26821.28000000,27183.60000000,26630.00000000,26880.26000000,28754.13544000,1684540799999,772864757.16330480,756295,13622.24812000,366169697.38708070,0
2023-05-20,26880.26000000,27150.00000000,26825.11000000,27102.43000000,14434.54718000,1684627199999,389225653.74516690,481382,6769.94368000,182562924.63416340,0
2023-05-21,27102.42000000,27277.55000000,26666.03000000,26747.78000000,21347.87279000,1684713599999,575213570.27944220,568937,9855.43959000,265526847.33206750,0
2023-05-22,26747.78000000,27099.89000000,26538.21000000,26849.27000000,26458.83828000,1684799999999,709594996.72427440,717111,12639.67925000,338982776.45968190,0
2023-05-23,26849.28000000,27495.83000000,26798.11000000,27219.61000000,38700.83858000,1684886399999,1054565781.60237520,816399,18966.20117000,516737777.26524950,0
2023-05-24,27219.61000000,27219.61000000,26080.50000000,26329.01000000,54393.06570000,1684972799999,1442636235.45435520,1012767,26698.91191000,707870181.81634380,0
2023-05-25,26329.00000000,26631.98000000,25871.89000000,26473.79000000,37435.44895000,1685059199999,984117789.70176120,753125,17773.08882000,467287939.93959180,0
2023-05-26,26473.80000000,26932.16000000,26327.24000000,26705.92000000,35061.18713000,1685145599999,932817724.59401000,655755,16507.37461000,439209106.74467190,0
2023-05-27,26705.93000000,26895.00000000,26551.00000000,26854.27000000,15095.68670000,1685231999999,403337263.03449080,415694,7152.30076000,191116596.77267230,0
2023-05-28,26854.28000000,28261.32000000,26764.36000000,28065.00000000,43916.00855000,1685318399999,1205762341.97049520,843861,23346.55866000,640869473.60044430,0
2023-05-29,28065.01000000,28447.14000000,27524.60000000,27736.40000000,42385.41945000,1685404799999,1182678581.63466910,805579,20199.85331000,563722083.65919410,0
2023-05-30,27736.39000000,28038.59000000,27554.00000000,27694.40000000,32686.75371000,1685491199999,908653906.00727420,745633,15196.52438000,422438614.85257250,0
2023-05-31,27694.39000000,27835.51000000,26839.01000000,27210.35000000,46588.80573000,1685577599999,1265952178.77986840,908537,21962.66824000,596493723.43926400,0
2023-06-01,27210.36000000,27350.00000000,26605.05000000,26817.93000000,39217.80880000,1685663999999,1055132509.86583420,814389,18620.69161000,500960557.92278290,0
2023-06-02,26817.93000000,27300.00000000,26505.00000000,27242.59000000,36380.90269000,1685750399999,983857061.64084190,811087,18134.67738000,490485191.78806760,0
2023-06-03,27242.59000000,27333.29000000,26914.93000000,27069.22000000,16595.34117000,1685836799999,450588672.47040810,466520,7745.78680000,210327639.56108250,0
2023-06-04,27069.22000000,27455.02000000,26951.00000000,27115.21000000,19258.41049000,1685923199999,523747237.43896960,504474,9511.72432000,258699846.47588030,0
2023-06-05,27115.20000000,27129.33000000,25388.00000000,25728.20000000,65805.60305000,1686009599999,1722665798.09203020,1420829,30583.35138000,799867474.21258980,0
2023-06-06,25728.20000000,27355.33000000,25351.02000000,27230.08000000,68392.60438000,1686095999999,1797636024.08121260,1345725,35083.78790000,922716234.21001140,0
2023-06-07,27230.07000000,27391.77000000,26125.01000000,26339.34000000,59619.44364000,1686182399999,1589291467.53723290,1311928,28095.50924000,749083400.12038920,0
2023-06-08,26339.34000000,26810.00000000,26210.00000000,26498.61000000,31075.51083000,1686268799999,823023638.23687500,848252,14614.60741000,387105933.43997990,0
2023-06-09,26498.62000000,26783.33000000,26269.91000000,26477.81000000,27934.70970000,1686355199999,741158215.05390230,746911,12757.07361000,338454644.89561430,0
2023-06-10,26477.80000000,26533.87000000,25358.00000000,25841.21000000,64944.60108000,1686441599999,1673795235.40089230,1713871,31558.13098000,813190388.24856080,0
2023-06-11,25841.22000000,26206.88000000,25634.70000000,25925.55000000,30014.29595000,1686527999999,776111471.86699710,833902,14266.10759000,368954010.80744420,0
2023-06-12,25925.54000000,26106.48000000,25602.11000000,25905.19000000,29900.50893000,1686614399999,773303698.86332210,858037,14219.97114000,367770742.66004000,0
2023-06-13,25905.20000000,26433.21000000,25712.57000000,25934.25000000,41065.60853000,1686700799999,1068985236.51265540,1007138,20120.32689000,523776704.24149100,0
2023-06-14,25934.24000000,26098.00000000,24820.56000000,25128.60000000,45077.31608000,1686787199999,1152808416.91979290,957418,20726.13761000,530122336.37885320,0
2023-06-15,25128.60000000,25759.01000000,24800.00000000,25598.49000000,48664.86063000,1686873599999,1224436974.85028730,943268,24035.81623000,604884325.24625680,0
2023-06-16,25598.49000000,26518.00000000,25175.56000000,26345.00000000,51596.91662000,1686959999999,1335158158.63961400,926194,24055.65943000,622525707.60499810,0
2023-06-17,26345.01000000,26839.99000000,26181.00000000,26516.99000000,27842.21950000,1687046399999,738491809.88116250,666967,13843.65158000,367248705.00540730,0
2023-06-18,26516.99000000,26700.00000000,26255.85000000,26339.97000000,21538.31022000,1687132799999,571013013.85533620,555956,10367.07533000,274864183.44428690,0
2023-06-19,26339.98000000,27068.09000000,26256.61000000,26844.35000000,35872.65974000,1687219199999,954193987.29481130,732735,17593.19977000,468128198.05453100,0
2023-06-20,26844.35000000,28402.74000000,26652.00000000,28307.99000000,69666.95525000,1687305599999,1912797983.53100540,1189024,35052.57462000,962782935.68992990,0
2023-06-21,28308.00000000,30800.00000000,28257.99000000,29993.89000000,108926.40412000,1687391999999,3210301129.36629090,1872873,55846.96952000,1646165465.24493830,0
2023-06-22,29993.89000000,30500.00000000,29525.61000000,29884.92000000,59054.56460000,1687478399999,1775822103.76325550,1146092,27902.93312000,839284260.17982540,0
2023-06-23,29884.92000000,31431.94000000,29800.00000000,30688.50000000,73931.89635000,1687564799999,2265077496.19546880,1338533,36289.31740000,1112439184.95065560,0
2023-06-24,30688.51000000,30800.00000000,30250.00000000,30527.43000000,30513.30135000,1687651199999,933244397.70400210,776343,14497.56447000,443500647.92208220,0
2023-06-25,30527.44000000,31046.01000000,30277.49000000,30462.66000000,30223.44801000,1687737599999,926316644.41676650,789910,14627.97473000,448414594.55878750,0
2023-06-26,30462.67000000,30666.00000000,29930.00000000,30267.99000000,45180.41489000,1687823999999,1367837657.54518250,954783,22277.58284000,674540668.57266040,0
2023-06-27,30267.99000000,30994.97000000,30226.17000000,30692.44000000,42699.64157000,1687910399999,1306206257.01935710,824373,21151.29517000,647203906.76564110,0
2023-06-28,30692.44000000,30709.74000000,29858.80000000,30077.41000000,40463.51937000,1687996799999,1224103637.61325620,895470,19176.75428000,580226725.83338870,0
2023-06-29,30077.40000000,30843.98000000,30049.98000000,30447.31000000,36330.62903000,1688083199999,1107940389.92424060,758428,17834.38857000,543872730.26172690,0
2023-06-30,30447.31000000,31282.00000000,29500.00000000,30472.00000000,89419.07618000,1688169599999,2726355505.50635030,1559366,44319.81254000,1351735332.85857690,0
2023-07-01,30471.99000000,30661.60000000,30320.57000000,30585.90000000,17501.75075000,1688255999999,533859338.13253830,567975,8102.13876000,247175148.95076600,0
2023-07-02,30585.90000000,30791.00000000,30155.00000000,30617.03000000,23286.41019000,1688342399999,711031423.43344250,591533,10630.24740000,324616031.95816840,0
2023-07-03,30617.02000000,31380.00000000,30570.27000000,31156.20000000,43761.64311000,1688428799999,1352635339.50439350,781855,20885.94331000,645698735.37734940,0
2023-07-04,31156.20000000,31350.69000000,30620.00000000,30766.51000000,33206.11943000,1688515199999,1028794008.52452120,779472,14107.36566000,437126154.08412250,0
2023-07-05,30766.52000000,30878.07000000,30200.00000000,30504.81000000,33215.67122000,1688601599999,1013694790.31705010,827926,15619.11716000,476478254.94341330,0
2023-07-06,30504.80000000,31500.00000000,29850.45000000,29895.43000000,71319.62610000,1688687999999,2181763648.99526960,1397042,33952.63237000,1039137135.29355100,0
2023-07-07,29895.42000000,30449.00000000,29701.02000000,30344.70000000,34070.53895000,1688774399999,1027461795.23320910,912948,14875.86309000,448638761.38389170,0
2023-07-08,30344.70000000,30386.81000000,30044.47000000,30284.63000000,13094.59042000,1688860799999,395759717.57242780,480214,5990.91468000,181083431.19993060,0
2023-07-09,30284.63000000,30445.52000000,30061.12000000,30160.71000000,15388.50196000,1688947199999,465781514.25894760,473168,7017.35093000,212433521.88972890,0
2023-07-10,30160.71000000,31045.78000000,29950.00000000,30411.57000000,41262.87652000,1689033599999,1254289037.74207280,896853,19574.23470000,595390893.14500850,0
2023-07-11,30411.57000000,30813.63000000,30300.00000000,30622.10000000,28476.83311000,1689119999999,868966244.24126920,691213,13670.16079000,417204801.16296210,0
2023-07-12,30622.10000000,30983.25000000,30210.00000000,30380.00000000,38108.99669000,1689206399999,1166497472.43317290,784195,18251.27965000,558742524.93122870,0
2023-07-13,30380.00000000,31804.20000000,30251.00000000,31454.23000000,70772.51836000,1689292799999,2194927210.22441580,1301632,36084.84178000,1119542855.15131710,0
2023-07-14,31454.23000000,31630.00000000,29900.00000000,30312.01000000,60749.48424000,1689379199999,1869443273.74762430,1274387,28513.77996000,877642037.82244150,0
2023-07-15,30312.00000000,30390.90000000,30200.00000000,30289.52000000,14118.55329000,1689465599999,427921094.30217830,488354,6430.54981000,194912673.91192170,0
2023-07-16,30289.52000000,30441.46000000,30064.29000000,30231.99000000,15760.12810000,1689551999999,477189328.00729370,494225,7322.44372000,221713710.22324300,0
2023-07-17,30232.00000000,30336.96000000,29659.20000000,30138.00000000,30882.76839000,1689638399999,929647644.24334300,816466,14352.21893000,432105955.45477030,0
2023-07-18,30138.01000000,30239.78000000,29512.00000000,29859.13000000,30003.86010000,1689724799999,897157095.47741110,754775,13771.19621000,411748868.06291270,0
2023-07-19,29859.14000000,30189.09000000,29761.96000000,29909.21000000,25657.36137000,1689811199999,769254865.28511510,617415,12260.98321000,367624217.91743550,0
2023-07-20,29909.21000000,30417.46000000,29570.96000000,29800.00000000,37540.68193000,1689897599999,1125950643.71164950,749723,18061.33493000,541742405.52049780,0
2023-07-21,29800.00000000,30061.70000000,29726.34000000,29901.72000000,23881.40865000,1689983999999,713123417.76121390,555611,11566.38840000,345404092.64590830,0
2023-07-22,29901.72000000,29999.00000000,29625.10000000,29794.00000000,14660.40467000,1690070399999,437785700.33961020,423988,6725.50525000,200848375.44856950,0
2023-07-23,29793.99000000,30350.00000000,29730.00000000,30083.75000000,18292.78637000,1690156799999,548940321.09158660,519434,8889.35695000,266761143.41169810,0
2023-07-24,30083.75000000,30099.58000000,28861.90000000,29176.50000000,39628.99691000,1690243199999,1162562413.81901540,869107,18047.66786000,529388757.49158140,0
2023-07-25,29176.50000000,29376.00000000,29047.65000000,29228.91000000,21565.74780000,1690329599999,629531351.11456640,533797,10257.29455000,299466722.19760850,0
2023-07-26,29228.91000000,29690.00000000,29096.94000000,29351.96000000,33931.63366000,1690415999999,995569172.13968360,750401,15987.94266000,469155943.83416000,0
2023-07-27,29351.95000000,29567.49000000,29083.85000000,29222.78000000,22476.47626000,1690502399999,659594157.34435760,583045,10384.95749000,304728875.73123620,0
2023-07-28,29222.78000000,29542.22000000,29123.12000000,29314.14000000,23993.61627000,1690588799999,702705076.83786600,543177,11422.36141000,334588917.08832910,0
2023-07-29,29314.14000000,29406.92000000,29256.18000000,29352.90000000,10851.36844000,1690675199999,318276733.87664310,339750,5443.09222000,159659088.16467640,0
2023-07-30,29352.90000000,29449.00000000,29033.24000000,29281.09000000,15706.97441000,1690761599999,459830379.65098240,454846,7720.41654000,226012721.37053510,0
2023-07-31,29281.09000000,29530.00000000,29101.80000000,29232.25000000,22605.48964000,1690847999999,663025204.20723460,563115,11029.22580000,323482162.29208640,0
2023-08-01,29232.26000000,29739.25000000,28585.70000000,29705.99000000,44719.65162000,1690934399999,1299160215.07792410,900141,21831.75056000,634595648.94353090,0
2023-08-02,29705.99000000,30047.50000000,28927.50000000,29186.01000000,48181.65141000,1691020799999,1419729744.64975190,945158,22953.81440000,676256840.27505930,0
2023-08-03,29186.00000000,29433.33000000,28968.00000000,29193.64000000,26476.91994000,1691107199999,773302705.49476290,651970,12901.09228000,376856740.48839370,0
2023-08-04,29193.65000000,29333.08000000,28807.54000000,29113.99000000,23551.95217000,1691193599999,686643453.39309040,544850,10539.62903000,307284659.32142800,0
2023-08-05,29114.00000000,29152.23000000,28978.64000000,29072.13000000,11645.52018000,1691279999999,338478560.12182470,331924,5491.49620000,159611625.16587780,0
2023-08-06,29072.13000000,29205.09000000,28991.88000000,29088.42000000,13178.19720000,1691366399999,383209498.87775050,338654,6471.24487000,188192943.69621700,0
2023-08-07,29088.43000000,29276.78000000,28701.03000000,29211.06000000,30966.87746000,1691452799999,899492595.68127170,671438,15375.49318000,446702609.56457520,0
2023-08-08,29211.06000000,30244.00000000,29146.45000000,29770.42000000,45700.53392000,1691539199999,1352934531.66596730,877168,24189.62133000,716161501.57303640,0
2023-08-09,29770.41000000,30160.00000000,29376.67000000,29581.99000000,38003.88725000,1691625599999,1130396850.09741150,750252,18700.85778000,556446376.25178500,0
2023-08-10,29581.99000000,29738.00000000,29320.20000000,29455.75000000,23463.45373000,1691711999999,692863472.08772490,513691,11204.06553000,330886650.20038180,0
2023-08-11,29455.76000000,29564.52000000,29252.45000000,29426.03000000,20637.04430000,1691798399999,607176051.30153670,437828,9803.94004000,288451712.10020850,0
2023-08-12,29426.02000000,29481.35000000,29381.56000000,29430.17000000,8971.48068000,1691884799999,263949405.54340290,310852,4181.99127000,123039182.15878990,0
2023-08-13,29430.18000000,29474.65000000,29272.32000000,29303.84000000,11101.70947000,1691971199999,326264625.22968240,341726,5257.07008000,154501729.24734910,0
2023-08-14,29303.85000000,29695.32000000,29102.45000000,29430.93000000,31443.11532000,1692057599999,924613476.68179900,671592,15036.11048000,442247506.16738440,0
2023-08-15,29430.92000000,29499.26000000,29059.60000000,29200.00000000,27503.87691000,1692143999999,806683957.31001560,591162,12751.63951000,374046205.25905360,0
2023-08-16,29200.01000000,29259.85000000,28723.08000000,28730.51000000,32996.69854000,1692230399999,959870747.00631420,768028,14761.86053000,429510396.42982370,0
2023-08-17,28730.51000000,28783.48000000,25166.00000000,26623.41000000,100271.54033000,1692316799999,2755821274.34060490,1976577,47495.99471000,1302553963.31062280,0
2023-08-18,26623.41000000,26832.60000000,25619.00000000,26054.00000000,69790.65711000,1692403199999,1834219523.69940400,1293122,33522.24573000,881095856.19440350,0
2023-08-19,26054.00000000,26281.00000000,25801.09000000,26100.01000000,26160.75343000,1692489599999,680623880.82475540,615764,12952.29598000,337010159.81151820,0
2023-08-20,26100.01000000,26299.00000000,25971.05000000,26189.99000000,19056.91209000,1692575999999,497880752.23011580,451543,9909.12930000,258890029.08250630,0
2023-08-21,26190.00000000,26258.42000000,25812.00000000,26126.92000000,30267.24233000,1692662399999,788205156.32159240,565987,14052.07264000,365942107.34064460,0
2023-08-22,26126.92000000,26139.42000000,25300.00000000,26056.00000000,34247.06688000,1692748799999,886782344.16029290,603624,16436.92888000,425661908.61497380,0
2023-08-23,26055.99000000,26819.27000000,25812.82000000,26432.72000000,44023.69978000,1692835199999,1156326251.92241100,673711,21955.66524000,576734438.29540010,0
2023-08-24,26432.71000000,26577.87000000,25864.00000000,26180.05000000,30205.22116000,1692921599999,792966965.89826580,575619,13987.93493000,367233375.41684340,0
2023-08-25,26180.05000000,26314.05000000,25777.15000000,26060.01000000,27753.33772000,1693007999999,722611079.18980740,611438,13258.65894000,345214226.91825400,0
2023-08-26,26060.00000000,26125.77000000,25985.92000000,26017.37000000,10022.22322000,1693094399999,261041530.47580380,329412,4681.90628000,121952627.59767490,0
2023-08-27,26017.38000000,26182.23000000,25966.11000000,26101.77000000,12099.64216000,1693180799999,315548363.01937760,349090,6170.48664000,160918200.39360970,0
2023-08-28,26101.78000000,26253.99000000,25864.50000000,26120.00000000,22692.62655000,1693267199999,591008939.17657000,523057,10912.40549000,284226173.79343950,0
2023-08-29,26120.00000000,28142.85000000,25922.00000000,27716.34000000,74251.99488000,1693353599999,2023326050.75847910,1137083,37945.55071000,1034244032.38146630,0
2023-08-30,27716.34000000,27768.57000000,27017.24000000,27299.99000000,35448.25848000,1693439999999,969086451.16252570,690292,16715.57712000,456926409.72973200,0
2023-08-31,27299.99000000,27587.51000000,25655.01000000,25940.78000000,51032.80401000,1693526399999,1360373186.01167090,944690,24598.11397000,655707233.88490080,0
2023-09-01,25940.77000000,26156.00000000,25333.75000000,25805.05000000,41032.15056000,1693612799999,1059444591.70974940,881179,19960.99030000,515429946.18317240,0
2023-09-02,25805.04000000,25987.50000000,25752.47000000,25869.51000000,16250.77698000,1693699199999,419812969.94685980,567728,7634.91416000,197234437.02204840,0
2023-09-03,25869.52000000,26135.00000000,25800.00000000,25971.21000000,17474.47667000,1693785599999,453100690.10210770,496412,8583.16498000,222581536.02684670,0
2023-09-04,25971.21000000,26108.02000000,25631.21000000,25826.02000000,21777.59609000,1693871999999,563532890.56999930,596830,10177.36860000,263365883.42955560,0
2023-09-05,25826.03000000,25915.49000000,25562.62000000,25792.10000000,21323.39337000,1693958399999,548893707.60020050,566736,9926.65838000,255537038.46609570,0
2023-09-06,25792.11000000,26040.00000000,25372.51000000,25759.95000000,27262.52386000,1694044799999,700763180.80116770,636302,12736.70564000,327416444.78409590,0
2023-09-07,25759.95000000,26443.14000000,25615.38000000,26255.00000000,27687.49567000,1694131199999,718923008.90711830,631929,13506.19156000,350741324.29203730,0
2023-09-08,26255.00000000,26445.50000000,25647.26000000,25910.50000000,28999.76471000,1694217599999,754184537.10969230,646852,14238.89945000,370236844.43140760,0
2023-09-09,25910.50000000,25945.09000000,25796.64000000,25901.61000000,10980.62277000,1694303999999,284109473.80757830,359038,5212.44349000,134863388.76288590,0
2023-09-10,25901.60000000,26033.66000000,25570.57000000,25841.61000000,18738.26914000,1694390399999,483577459.20553450,489773,8747.51072000,225752901.04035010,0
2023-09-11,25841.60000000,25900.69000000,24901.00000000,25162.52000000,41682.32000000,1694476799999,1057371884.66970660,864138,19664.90243000,498821645.38522220,0
2023-09-12,25162.53000000,26567.00000000,25131.48000000,25840.10000000,56434.38537000,1694563199999,1464393036.96166230,1047056,27720.51830000,719147319.97870640,0
2023-09-13,25840.10000000,26405.22000000,25764.17000000,26222.00000000,31610.82753000,1694649599999,825437881.46875910,714880,15287.00038000,399099781.62076480,0
2023-09-14,26222.00000000,26860.49000000,26126.77000000,26522.73000000,38333.17250000,1694735999999,1015267319.77302260,799278,19440.45467000,514863794.37838940,0
2023-09-15,26522.73000000,26888.00000000,26224.00000000,26600.00000000,26227.29369000,1694822399999,695203258.00044450,654094,12600.39115000,334045930.76672120,0
2023-09-16,26599.99000000,26777.00000000,26445.00000000,26559.67000000,13960.93351000,1694908799999,370889866.45927350,526416,6508.91352000,172926781.38884230,0
2023-09-17,26559.67000000,26623.25000000,26399.00000000,26527.51000000,12998.10277000,1694995199999,344703727.56010710,476775,6359.89459000,168675580.01646300,0
2023-09-18,26527.50000000,27409.00000000,26377.35000000,26762.51000000,43000.43256000,1695081599999,1158780347.62530490,938705,21551.71605000,580912488.75943090,0
2023-09-19,26762.50000000,27483.57000000,26667.79000000,27210.26000000,36190.52187000,1695167999999,981539255.55962000,898076,17851.15558000,484061308.12493300,0
2023-09-20,27210.25000000,27388.63000000,26800.00000000,27125.00000000,34207.21867000,1695254399999,927206075.96262730,867288,16983.43086000,460402346.17078340,0
2023-09-21,27125.01000000,27159.60000000,26377.70000000,26568.08000000,34476.82662000,1695340799999,920768143.35131270,823416,16878.78202000,450738363.85069850,0
2023-09-22,26568.08000000,26743.38000000,26468.77000000,26580.14000000,18198.22920000,1695427199999,484331618.94853190,567149,8484.09679000,225805692.72356930,0
2023-09-23,26580.14000000,26632.81000000,26509.00000000,26575.96000000,9440.70260000,1695513599999,250873957.38867380,421717,4387.19730000,116581214.13013300,0
2023-09-24,26575.97000000,26738.54000000,26122.08000000,26248.38000000,15706.65771000,1695599999999,416368301.37368480,545045,7547.06342000,200078452.01675770,0
2023-09-25,26248.39000000,26446.15000000,25990.46000000,26304.81000000,26266.20390000,1695686399999,688252596.38099440,873488,12654.58207000,331622453.15180550,0
2023-09-26,26304.80000000,26397.46000000,26088.34000000,26221.67000000,18495.35066000,1695772799999,485217905.04210480,697727,8813.76144000,231246870.54745880,0
2023-09-27,26221.68000000,26850.00000000,26112.06000000,26372.99000000,34771.57978000,1695859199999,918797815.04848100,939690,16813.75506000,444221386.42614100,0
2023-09-28,26373.00000000,27308.48000000,26342.40000000,27021.39000000,44517.83491000,1695945599999,1193420040.13091850,1158974,22463.19242000,602340703.60150620,0
2023-09-29,27021.39000000,27244.89000000,26665.16000000,26906.96000000,28478.76219000,1696031999999,767827314.93190890,878610,14409.35554000,388591243.25915250,0
2023-09-30,26906.96000000,27094.99000000,26886.31000000,26962.56000000,12804.62307000,1696118399999,345406056.68069530,534908,6221.24272000,167818583.05995750,0
2023-10-01,26962.57000000,28065.51000000,26954.09000000,27992.57000000,24602.81468000,1696204799999,674657121.99442040,883593,12815.98694000,351622961.47012740,0
2023-10-02,27992.58000000,28580.00000000,27281.44000000,27494.51000000,57071.14241000,1696291199999,1600944483.49020640,1464158,28423.61000000,797598852.47977820,0
2023-10-03,27494.51000000,27676.52000000,27160.50000000,27426.46000000,28928.96555000,1696377599999,794301815.42650200,1202377,13562.03527000,372402100.79675110,0
2023-10-04,27426.45000000,27839.72000000,27202.00000000,27778.57000000,29816.14200000,1696463999999,820421385.25578530,1188381,15077.70185000,414806576.34840140,0
2023-10-05,27778.57000000,28120.39000000,27352.00000000,27410.39000000,30681.49619000,1696550399999,849415594.04725040,1210397,14985.99405000,415039706.58664760,0
2023-10-06,27410.39000000,28295.00000000,27175.94000000,27931.09000000,37983.24277000,1696636799999,1052864393.81761350,1326700,19091.24006000,529241188.55736900,0
2023-10-07,27931.10000000,28029.67000000,27842.08000000,27956.67000000,13348.83825000,1696723199999,372820279.52314300,641623,6392.35089000,178534947.77878390,0
2023-10-08,27956.67000000,28095.14000000,27687.50000000,27917.05000000,19693.56921000,1696809599999,549839951.48008110,822730,9216.08271000,257333249.53307720,0
2023-10-09,27917.06000000,27987.93000000,27260.00000000,27590.12000000,31534.74639000,1696895999999,870014634.36216090,1156525,15077.43003000,415887241.10445000,0
2023-10-10,27590.12000000,27735.00000000,27298.00000000,27390.12000000,22776.84383000,1696982399999,626258724.27757830,1002272,10851.22317000,298354384.69814990,0
2023-10-11,27390.12000000,27477.39000000,26538.66000000,26875.52000000,37349.44706000,1697068799999,1007065585.93464060,1336479,17460.07740000,470620209.78574460,0
2023-10-12,26875.52000000,26947.04000000,26555.00000000,26759.63000000,23428.64112000,1697155199999,626909068.38687170,1066082,11128.85943000,297794983.54123170,0
2023-10-13,26759.63000000,27130.00000000,26685.00000000,26862.00000000,24115.76499000,1697241599999,647553796.35806620,1035322,11209.65389000,301049285.74229300,0
2023-10-14,26862.00000000,26989.58000000,26789.00000000,26852.48000000,10417.25576000,1697327999999,280059019.05340130,517837,4378.85219000,117730324.81867290,0
2023-10-15,26852.48000000,27293.33000000,26808.25000000,27154.15000000,15274.69170000,1697414399999,412673965.34393480,682942,7802.69243000,210833694.13443270,0
2023-10-16,27154.14000000,30000.00000000,27112.66000000,28500.78000000,78399.22445000,1697500799999,2210785548.23609620,2289339,40738.04173000,1148700588.67933450,0
2023-10-17,28500.77000000,28613.65000000,28069.32000000,28395.91000000,38428.44532000,1697587199999,1090741746.48308740,1345810,18994.06799000,539218488.34158590,0
2023-10-18,28395.91000000,28982.36000000,28142.87000000,28320.00000000,32162.47591000,1697673599999,914773525.15275810,1215235,15590.14442000,443515753.81707720,0
2023-10-19,28320.00000000,28916.89000000,28100.66000000,28713.71000000,35895.50179000,1697759999999,1023984017.03227880,1330256,18427.23743000,525695852.56325010,0
2023-10-20,28713.71000000,30207.55000000,28578.29000000,29669.04000000,59422.09920000,1697846399999,1753411192.55109090,1915748,29466.75927000,869634841.32812210,0
2023-10-21,29669.05000000,30379.99000000,29464.77000000,29909.80000000,27517.51897000,1697932799999,821964508.43536290,1152137,13836.12444000,413323530.34217960,0
2023-10-22,29909.80000000,30248.00000000,29640.00000000,29992.46000000,22852.54563000,1698019199999,683854827.89693230,1008299,11161.46844000,334011129.23149610,0
2023-10-23,29992.46000000,34741.91000000,29883.60000000,33069.99000000,93513.64246000,1698105599999,2941620022.86518770,2839938,47839.23087000,1505815243.56769950,0
2023-10-24,33069.99000000,35280.00000000,32832.34000000,33922.73000000,115265.02418000,1698191999999,3933194868.16119640,2850160,57409.31981000,1959449469.46579320,0
2023-10-25,33922.73000000,35132.85000000,33679.05000000,34496.05000000,54887.02529000,1698278399999,1888210825.60638280,1643976,26150.50377000,900236395.37262640,0
2023-10-26,34496.05000000,34824.13000000,33751.00000000,34151.66000000,39744.66255000,1698364799999,1363077907.10911990,1382785,18528.43061000,635547858.49281820,0
2023-10-27,34151.66000000,34245.00000000,33390.95000000,33892.02000000,32330.40106000,1698451199999,1096889423.41984200,1112240,14310.32429000,485405697.92440140,0
2023-10-28,33892.01000000,34493.33000000,33860.00000000,34081.00000000,16880.13144000,1698537599999,575936523.34735300,607438,8313.30759000,283656619.58636190,0
2023-10-29,34081.01000000,34750.11000000,33930.00000000,34525.89000000,20685.52176000,1698623999999,711652985.17909640,717480,10053.96096000,345933681.79684670,0
2023-10-30,34525.88000000,34856.00000000,34062.84000000,34474.73000000,33657.95976000,1698710399999,1159771907.64210540,1117727,15237.56781000,525162190.53711940,0
2023-10-31,34474.74000000,34720.49000000,34025.00000000,34639.77000000,32737.89822000,1698796799999,1125442444.48848820,1179053,15843.79500000,544722903.49684810,0
2023-11-01,34639.78000000,35582.00000000,34097.39000000,35421.43000000,53473.28165000,1698883199999,1856348820.47945360,1624635,25779.00290000,895387891.46766650,0
2023-11-02,35421.43000000,35984.99000000,34300.00000000,34941.59000000,48015.57732000,1698969599999,1686141698.09217100,1450837,23303.35350000,818365718.95493110,0
2023-11-03,34941.58000000,34946.50000000,34120.00000000,34716.78000000,39071.20644000,1699055999999,1347962831.56586230,1237373,19168.85669000,661176167.77493460,0
2023-11-04,34716.78000000,35255.00000000,34585.18000000,35062.07000000,18377.55545000,1699142399999,639958598.41983530,794787,9229.16649000,321479754.91729340,0
2023-11-05,35062.06000000,35380.00000000,34448.00000000,35011.88000000,24528.73376000,1699228799999,859350974.00148930,1038468,11870.33193000,415912075.90000270,0
2023-11-06,35011.89000000,35276.33000000,34725.90000000,35046.09000000,22346.47086000,1699315199999,782427702.26532050,988246,10770.27727000,377126281.15309060,0
2023-11-07,35046.09000000,35888.00000000,34523.06000000,35399.12000000,38688.73692000,1699401599999,1358031361.19785270,1352796,19375.26868000,680382009.65994160,0
2023-11-08,35399.13000000,36106.00000000,35100.00000000,35624.72000000,33401.34137000,1699487999999,1185492160.49272780,1132568,17192.82450000,610314635.37988970,0
2023-11-09,35624.72000000,37972.24000000,35534.05000000,36701.09000000,82537.88885000,1699574399999,3033417922.78268170,2138765,42156.81236000,1550254981.04518770,0
2023-11-10,36701.10000000,37526.00000000,36324.71000000,37301.63000000,43414.04898000,1699660799999,1605069174.52410320,1297729,21388.56879000,790671818.76836700,0
2023-11-11,37301.63000000,37408.26000000,36666.93000000,37130.00000000,22984.97235000,1699747199999,851924612.73394270,923300,10728.65792000,397673179.66791970,0
2023-11-12,37129.99000000,37222.22000000,36731.10000000,37064.13000000,17687.18874000,1699833599999,655570813.13827110,810885,8506.46051000,315285367.54474800,0
2023-11-13,37064.13000000,37417.99000000,36333.00000000,36462.93000000,32798.18252000,1699919999999,1208037462.30414440,1217191,15442.44512000,568916594.91131740,0
2023-11-14,36462.93000000,36744.00000000,34800.00000000,35551.19000000,45503.68416000,1700006399999,1639130785.08681010,1404428,21205.18615000,763841642.88087800,0
2023-11-15,35551.20000000,37980.00000000,35360.00000000,37858.20000000,53569.13385000,1700092799999,1963249656.50947370,1545427,28142.14240000,1031669501.99342080,0
2023-11-16,37858.20000000,37929.54000000,35500.00000000,36163.51000000,47490.39566000,1700179199999,1744503339.01517260,1542446,22214.04928000,815932555.13312680,0
2023-11-17,36163.51000000,36800.00000000,35861.10000000,36613.92000000,38283.61112000,1700265599999,1391225051.19232720,1349322,18403.36411000,668865883.14174650,0
2023-11-18,36613.91000000,36845.49000000,36178.58000000,36568.10000000,17102.24186000,1700351999999,624434069.52566340,784498,8101.54756000,295795105.43003230,0
2023-11-19,36568.11000000,37500.00000000,36384.02000000,37359.86000000,21246.34648000,1700438399999,781531839.43715920,862400,10575.25293000,389089868.80634200,0
2023-11-20,37359.85000000,37750.00000000,36677.00000000,37448.78000000,36022.70291000,1700524799999,1343722642.38647510,1485050,17591.22652000,656245983.73971830,0
2023-11-21,37448.79000000,37649.44000000,35735.00000000,35741.65000000,47646.54804000,1700611199999,1756747495.98185460,1936895,22371.42068000,824920009.55786000,0
2023-11-22,35741.65000000,37861.10000000,35632.01000000,37408.34000000,45051.30697000,1700697599999,1657141022.42734800,1648374,23046.71174000,847145468.32595360,0
2023-11-23,37408.35000000,37653.44000000,36870.00000000,37294.28000000,23827.92882000,1700783999999,888826648.85414730,992284,11086.35132000,413539343.94482050,0
2023-11-24,37294.27000000,38414.00000000,37251.51000000,37713.57000000,44680.80646000,1700870399999,1688715728.07914810,1379414,22349.17236000,844803081.63218240,0
2023-11-25,37713.57000000,37888.00000000,37591.10000000,37780.67000000,11396.14464000,1700956799999,430165251.76097490,569448,5153.91116000,194536221.28509410,0
2023-11-26,37780.67000000,37814.63000000,37150.00000000,37447.43000000,21264.53723000,1701043199999,797321193.58939910,848020,10204.51641000,382571274.04607820,0
2023-11-27,37447.42000000,37569.23000000,36707.00000000,37242.70000000,30001.07376000,1701129599999,1112557435.27679220,1238017,14458.63822000,536129095.56684420,0
2023-11-28,37242.70000000,38377.00000000,36868.41000000,37818.87000000,37544.46667000,1701215999999,1414360251.68234560,1272779,18168.56198000,684514270.93887170,0
2023-11-29,37818.88000000,38450.00000000,37570.00000000,37854.64000000,32994.19107000,1701302399999,1252586505.66259010,1131353,15588.96473000,591917955.47439680,0
2023-11-30,37854.65000000,38145.85000000,37500.00000000,37723.96000000,24740.29147000,1701388799999,934491058.96081410,1007791,11484.45424000,433772722.50456340,0
2023-12-01,37723.97000000,38999.00000000,37615.86000000,38682.52000000,43415.66324000,1701475199999,1669750777.62398140,1523417,22408.27301000,861977420.16319520,0
2023-12-02,38682.51000000,39717.14000000,38641.61000000,39450.35000000,26696.92161000,1701561599999,1043421976.76606520,1034690,13166.65386000,514763687.57460090,0
2023-12-03,39450.35000000,40250.00000000,39274.86000000,39972.26000000,26710.65335000,1701647999999,1059860641.04944440,1151524,13333.29632000,529259227.16750920,0
2023-12-04,39972.26000000,42420.00000000,39972.26000000,41991.10000000,79272.33059000,1701734399999,3285736844.14088080,2112219,38595.61905000,1599710862.08717670,0
2023-12-05,41991.10000000,44488.00000000,41414.00000000,44073.32000000,67490.74644000,1701820799999,2890205389.49012660,2072700,34815.80813000,1491813847.23896810,0
2023-12-06,44073.82000000,44297.21000000,43335.28000000,43762.69000000,51431.10492000,1701907199999,2256979505.59480470,1876282,25092.62492000,1101273363.08642960,0
2023-12-07,43762.69000000,44047.33000000,42821.10000000,43273.14000000,47103.26845000,1701993599999,2046945851.88364460,1414759,22635.67672000,983629776.49386140,0
2023-12-08,43273.15000000,44700.00000000,43081.10000000,44170.99000000,42900.37556000,1702079999999,1875581755.44691050,1311268,20818.67861000,910357262.89407300,0
2023-12-09,44171.00000000,44358.02000000,43584.51000000,43713.60000000,24925.97008000,1702166399999,1096487106.56483380,987352,11598.00774000,510255993.86808590,0
2023-12-10,43713.59000000,44049.00000000,43563.00000000,43789.51000000,18956.61758000,1702252799999,830485162.55695350,830667,8841.90643000,387376075.38248430,0
2023-12-11,43789.50000000,43804.50000000,40222.00000000,41253.40000000,76663.89804000,1702339199999,3205540835.51143390,2087142,36499.24269000,1525642878.15210340,0
2023-12-12,41253.41000000,42104.12000000,40680.00000000,41492.39000000,42722.69773000,1702425599999,1773961284.33756360,1526411,21394.91158000,888438328.89153460,0
2023-12-13,41492.38000000,43475.20000000,40555.00000000,42869.03000000,45865.99773000,1702511999999,1919703389.48488040,1724659,22354.97386000,935785466.02258570,0
2023-12-14,42869.03000000,43420.00000000,41400.00000000,43022.26000000,42047.05709000,1702598399999,1798740625.30166000,1599536,20579.79343000,880356342.38151180,0
2023-12-15,43022.26000000,43080.81000000,41666.00000000,41940.30000000,33421.79320000,1702684799999,1416898938.50997890,1323628,16321.13654000,691713304.74858880,0
2023-12-16,41940.29000000,42724.43000000,41605.00000000,42278.03000000,24118.85747000,1702771199999,1020469627.88573310,1180886,12193.50511000,515909440.91009290,0
2023-12-17,42278.02000000,42424.07000000,41252.00000000,41374.65000000,27722.11452000,1702857599999,1161963642.96279640,1227634,13245.86404000,555309260.12794100,0
2023-12-18,41374.64000000,42757.81000000,40542.93000000,42657.80000000,46734.09250000,1702943999999,1936003306.08257260,1741647,23255.79871000,963775419.57314980,0
2023-12-19,42657.80000000,43497.00000000,41811.10000000,42275.99000000,40927.86444000,1703030399999,1747830242.46159370,1609188,20163.65946000,861082883.31101580,0
2023-12-20,42275.99000000,44283.00000000,42206.00000000,43668.93000000,48710.29470000,1703116799999,2115813869.77961900,1934588,23912.13682000,1038694005.77613990,0
2023-12-21,43668.92000000,44242.35000000,43286.72000000,43861.80000000,34624.29384000,1703203199999,1514529919.18777960,1500702,17058.89545000,746266380.76924040,0
2023-12-22,43861.79000000,44398.26000000,43412.54000000,43969.04000000,32783.19638000,1703289599999,1436074497.51285980,1404109,16049.22275000,703199211.03931960,0
2023-12-23,43969.04000000,43988.68000000,43291.10000000,43702.16000000,16557.12930000,1703375999999,722943825.33321760,849658,7765.30564000,339046509.16771960,0
2023-12-24,43702.15000000,43946.00000000,42500.00000000,42991.50000000,25144.33496000,1703462399999,1093460634.88942270,1137678,11841.26614000,514962029.17833470,0
2023-12-25,42991.50000000,43802.32000000,42720.43000000,43576.13000000,27021.23992000,1703548799999,1172053386.51098150,1168428,13691.23930000,593900885.80314620,0
2023-12-26,43576.12000000,43592.68000000,41637.60000000,42508.93000000,41010.04282000,1703635199999,1746333612.30494510,1475816,21096.16634000,898267435.23798300,0
2023-12-27,42508.93000000,43677.00000000,42098.69000000,43428.85000000,36191.21136000,1703721599999,1554082990.05227590,1439770,18982.83267000,815239612.61736400,0
2023-12-28,43428.86000000,43787.57000000,42241.79000000,42563.76000000,35150.52485000,1703807999999,1508408742.37808110,1391826,17422.81910000,747631903.05539890,0
2023-12-29,42563.76000000,43111.00000000,41300.00000000,42066.95000000,42597.18912000,1703894399999,1803086285.24657750,1571137,21195.34128000,897324724.79689550,0
2023-12-30,42066.94000000,42612.32000000,41520.30000000,42140.28000000,22906.57818000,1703980799999,964875790.98493500,936545,11727.69648000,494133887.90718110,0
2023-12-31,42140.29000000,42899.00000000,41965.84000000,42283.58000000,23585.91603000,1704067199999,1001519241.55590540,1016484,11997.14865000,509478742.74451080,0
2024-01-01,42283.58000000,44184.10000000,42180.77000000,44179.55000000,27174.29903000,1704153599999,1169995682.02800140,1114623,14331.73180000,617352094.56051940,0
2024-01-02,44179.55000000,45879.63000000,44148.34000000,44946.91000000,65146.40661000,1704239999999,2944331821.82307620,2247532,33817.14447000,1527964124.23758480,0
2024-01-03,44946.91000000,45500.00000000,40750.00000000,42845.23000000,81194.55173000,1704326399999,3507104563.74423210,2658041,39103.99162000,1687665202.95131440,0
2024-01-04,42845.23000000,44729.58000000,42613.77000000,44151.10000000,48038.06334000,1704412799999,2095095359.49363480,1819944,23605.90059000,1030075267.83901300,0
2024-01-05,44151.10000000,44357.46000000,42450.00000000,44145.11000000,48075.25327000,1704499199999,2100953924.36871550,2064845,24015.06426000,1049655019.14000940,0
2024-01-06,44145.12000000,44214.42000000,43397.05000000,43968.32000000,17835.06144000,1704585599999,781212883.49160610,956642,9048.57073000,396341787.36387760,0
2024-01-07,43968.32000000,44480.59000000,43572.09000000,43929.02000000,23023.85080000,1704671999999,1014635096.12414820,1109259,11613.52347000,511871007.52582630,0
2024-01-08,43929.01000000,47248.99000000,43175.00000000,46951.04000000,72814.57589000,1704758399999,3298772150.68150740,2364464,38728.80530000,1755312207.66818340,0
2024-01-09,46951.04000000,47972.00000000,44748.67000000,46110.00000000,69927.66617000,1704844799999,3251442072.80839630,2637745,34825.45429000,1620151226.33626950,0
2024-01-10,46110.00000000,47695.93000000,44300.36000000,46653.99000000,89911.41203000,1704931199999,4123809481.71276720,3133588,46910.79439000,2153126701.35216420,0
2024-01-11,46654.00000000,48969.48000000,45606.06000000,46339.16000000,87470.32960000,1705017599999,4105139605.02830200,2998451,44076.16830000,2070467939.65999250,0
2024-01-12,46339.16000000,46515.53000000,41500.00000000,42782.73000000,86327.93707000,1705103999999,3827483735.57605690,2809192,41707.58066000,1850840878.97782980,0
2024-01-13,42782.74000000,43257.00000000,42436.12000000,42847.99000000,36118.47464000,1705190399999,1547370611.55316620,1434243,17748.09824000,760432218.24545510,0
2024-01-14,42847.99000000,43079.00000000,41720.00000000,41732.35000000,28228.40894000,1705276799999,1202212782.25769300,1235727,13690.30843000,583261659.73857610,0
2024-01-15,41732.35000000,43400.43000000,41718.05000000,42511.10000000,40269.89303000,1705363199999,1718982911.10810270,1657611,19924.76030000,849997411.08758290,0
2024-01-16,42511.10000000,43578.01000000,42050.00000000,43137.95000000,45045.74589000,1705449599999,1931947150.05907020,1716580,24064.55667000,1031525441.93520850,0
2024-01-17,43137.94000000,43198.00000000,42200.69000000,42776.10000000,33266.21388000,1705535999999,1419888430.92288920,1438172,16648.20529000,710532768.04757790,0
2024-01-18,42776.09000000,42930.00000000,40683.28000000,41327.50000000,43907.51641000,1705622399999,1839426541.26357900,1466087,21085.14336000,883292634.20636370,0
2024-01-19,41327.51000000,42196.86000000,40280.00000000,41659.03000000,48342.74559000,1705708799999,1993846466.53875190,1641428,24347.50020000,1004478721.37920550,0
2024-01-20,41659.03000000,41872.56000000,41456.30000000,41696.04000000,15923.99493000,1705795199999,662768008.15093430,807324,7557.36632000,314535141.99556360,0
2024-01-21,41696.05000000,41881.39000000,41500.98000000,41580.33000000,11730.16301000,1705881599999,489151571.03090430,657817,5576.56045000,232552207.16073290,0
2024-01-22,41580.32000000,41689.65000000,39431.58000000,39568.02000000,55426.19911000,1705967999999,2247452153.79543270,2147250,26788.13985000,1086650848.06705250,0
2024-01-23,39568.02000000,40176.74000000,38555.00000000,39897.60000000,57956.63351000,1706054399999,2275851990.64682690,2043925,30913.97177000,1214417243.69641180,0
2024-01-24,39897.59000000,40555.00000000,39484.19000000,40084.88000000,39293.82861000,1706140799999,1569704923.83074920,1675615,20673.05725000,825887009.47442260,0
2024-01-25,40084.89000000,40300.24000000,39550.00000000,39961.09000000,31022.11853000,1706227199999,1238813296.15261370,1291233,15685.24919000,626369240.37339640,0
2024-01-26,39961.09000000,42246.82000000,39822.52000000,41823.51000000,47384.96726000,1706313599999,1951700659.28980700,1624861,24674.75551000,1016105199.71712130,0
2024-01-27,41823.51000000,42200.00000000,41394.34000000,42120.63000000,16224.41667000,1706399999999,678418702.35094450,751148,7485.64978000,312938659.24802430,0
2024-01-28,42120.63000000,42842.68000000,41620.81000000,42031.06000000,27294.99838000,1706486399999,1154365891.66825870,1032493,12971.18820000,548670338.63940100,0
2024-01-29,42031.05000000,43333.00000000,41804.88000000,43302.70000000,31542.74207000,1706572799999,1343462280.36186840,1197856,15996.88627000,681504721.35851260,0
2024-01-30,43302.71000000,43882.36000000,42683.99000000,42941.10000000,37619.24546000,1706659199999,1633251085.67135960,1316610,19317.29993000,838876408.45566850,0
2024-01-31,42941.10000000,43745.11000000,42276.84000000,42580.00000000,39871.13688000,1706745599999,1711665577.05308240,1499559,20289.94825000,871009715.17022070,0
2024-02-01,42580.00000000,43285.13000000,41884.28000000,43082.94000000,35231.04664000,1706831999999,1497121440.64400210,1392269,18134.84304000,770635549.48421270,0
2024-02-02,43082.95000000,43488.00000000,42546.79000000,43200.00000000,29672.14418000,1706918399999,1277919437.29056120,1086342,15645.57110000,673834785.74779100,0
2024-02-03,43199.99000000,43380.01000000,42880.00000000,43011.09000000,12033.40998000,1707004799999,518775350.03360090,609962,5691.78572000,245377398.51059570,0
2024-02-04,43011.10000000,43119.04000000,42222.00000000,42582.88000000,17066.89404000,1707091199999,730999557.70836820,931235,8427.12671000,360928641.05977220,0
2024-02-05,42582.88000000,43569.76000000,42258.10000000,42708.70000000,29467.75905000,1707177599999,1262620640.54071730,1317397,14984.06962000,642077579.58272680,0
2024-02-06,42708.70000000,43399.98000000,42574.00000000,43098.95000000,24675.85433000,1707263999999,1061049582.60027670,1120760,12810.98205000,550866463.74091940,0
2024-02-07,43098.96000000,44396.50000000,42788.00000000,44349.60000000,34392.59915000,1707350399999,1496013692.38292190,1378809,17755.87738000,772721372.44438850,0
2024-02-08,44349.60000000,45614.30000000,44331.10000000,45288.65000000,45439.62231000,1707436799999,2042912128.15176650,1863650,22731.52397000,1021963499.80033510,0
2024-02-09,45288.66000000,48200.00000000,45242.12000000,47132.77000000,73503.48100000,1707523199999,3453043306.42097590,2323884,37360.96419000,1754880225.38020990,0
2024-02-10,47132.78000000,48170.00000000,46800.00000000,47751.09000000,24802.35936000,1707609599999,1176079377.69227620,1323421,12740.69912000,604397015.51796000,0
2024-02-11,47751.08000000,48592.66000000,47557.16000000,48299.99000000,29958.80837000,1707695999999,1443314885.77140530,1407270,15741.38294000,758411879.95568900,0
2024-02-12,48300.00000000,50334.82000000,47710.01000000,49917.27000000,59009.96705000,1707782399999,2898220863.01818030,1939394,30797.43359000,1512688561.68886550,0
2024-02-13,49917.28000000,50368.61000000,48300.95000000,49699.59000000,55551.56706000,1707868799999,2745025370.06744710,1741811,28409.79337000,1403783512.68099050,0
2024-02-14,49699.60000000,52043.71000000,49225.01000000,51795.17000000,57046.37401000,1707955199999,2919604456.72331270,1859392,29664.51830000,1518339681.33460220,0
2024-02-15,51795.17000000,52816.62000000,51314.00000000,51880.00000000,53816.03055000,1708041599999,2802825737.99201540,1786569,26722.58656000,1391971339.71580590,0
2024-02-16,51880.01000000,52572.08000000,51566.00000000,52124.11000000,37772.25318000,1708127999999,1965003863.97133420,1583711,18309.89888000,952708587.73249880,0
2024-02-17,52124.10000000,52162.82000000,50625.00000000,51642.64000000,25674.00622000,1708214399999,1319908544.97908910,1427773,12655.51593000,650426057.19761540,0
2024-02-18,51642.64000000,52377.00000000,51163.28000000,52137.67000000,21992.10363000,1708300799999,1139209588.43346260,1375422,11281.34692000,584447328.11427220,0
2024-02-19,52137.68000000,52488.77000000,51677.00000000,51774.73000000,29534.99432000,1708387199999,1539600521.60077290,1542990,15266.36204000,795825023.64422360,0
2024-02-20,51774.74000000,52985.00000000,50760.37000000,52258.82000000,49614.47318000,1708473599999,2574874999.37871740,1971912,24994.25062000,1297330385.00509330,0
2024-02-21,52258.82000000,52366.80000000,50625.00000000,51849.39000000,43079.40049000,1708559999999,2210278288.72509470,1824860,22239.73293000,1140905416.95625220,0
2024-02-22,51849.38000000,52065.78000000,50940.78000000,51288.42000000,35309.44574000,1708646399999,1820949707.15853400,1688184,17830.46730000,919599483.90786170,0
2024-02-23,51288.42000000,51548.54000000,50521.00000000,50744.15000000,30545.79544000,1708732799999,1559143576.82961640,1487039,14610.80906000,745820955.25604630,0
2024-02-24,50744.15000000,51698.00000000,50585.00000000,51568.22000000,16560.42110000,1708819199999,847793393.57186800,855015,8462.15627000,433239599.42398870,0
2024-02-25,51568.21000000,51958.55000000,51279.80000000,51728.85000000,18721.63159000,1708905599999,966951114.45046290,923992,9544.17672000,492952522.68163890,0
2024-02-26,51728.85000000,54910.00000000,50901.44000000,54476.47000000,51256.72199000,1708991999999,2710403072.98059510,1808909,27198.83551000,1438371804.11010130,0
2024-02-27,54476.48000000,57588.15000000,54450.13000000,57037.34000000,67194.98562000,1709078399999,3795949115.22493150,2414285,34970.25885000,1975472154.51157390,0
2024-02-28,57037.35000000,64000.00000000,56691.85000000,62432.10000000,118763.46984000,1709164799999,7162581994.48573950,3895062,62066.63936000,3742433894.94507670,0
2024-02-29,62432.11000000,63676.35000000,60364.70000000,61130.98000000,78425.07603000,1709251199999,4872212871.27608040,3169405,39463.06931000,2452515504.86865120,0
2024-03-01,61130.99000000,63114.23000000,60777.00000000,62387.90000000,47737.93473000,1709337599999,2956537377.96602980,1947444,24195.70252000,1498771144.09995600,0
2024-03-02,62387.90000000,62433.19000000,61561.12000000,61987.28000000,25534.73659000,1709423999999,1582566973.83409310,1641808,12691.37721000,786583052.08627260,0
2024-03-03,61987.28000000,63231.88000000,61320.00000000,63113.97000000,28994.90903000,1709510399999,1804536272.94434580,1992011,14905.18600000,927868983.73084310,0
2024-03-04,63113.97000000,68499.00000000,62300.00000000,68245.71000000,84835.16005000,1709596799999,5568877537.08125230,3887853,45319.08640000,2974396037.68572030,0
2024-03-05,68245.71000000,69000.00000000,59005.00000000,63724.01000000,132696.78130000,1709683199999,8674526591.28714170,5310706,65991.84526000,4318205559.64365010,0
2024-03-06,63724.01000000,67641.10000000,62779.14000000,66074.04000000,78738.85491000,1709769599999,5197743036.59727550,3302981,40344.32596000,2663883160.20696200,0
2024-03-07,66074.04000000,67980.00000000,65551.00000000,66823.17000000,53059.88690000,1709855999999,3548088039.27360850,2428227,27935.66302000,1867854683.98202980,0
2024-03-08,66823.18000000,69990.00000000,66082.66000000,68124.19000000,74261.93284200,1709942399999,5044395324.39905431,2943927,37711.51458100,2563347797.52868009,0
2024-03-09,68124.20000000,68541.10000000,67861.10000000,68313.27000000,19872.89743000,1710028799999,1355964036.90929860,1345341,10005.59200000,682720256.00282270,0
2024-03-10,68313.28000000,69887.61000000,68094.75000000,68955.88000000,38404.66835000,1710115199999,2659307501.09457810,2139518,19188.79904000,1328747995.99402550,0
2024-03-11,68955.88000000,72800.00000000,67024.96000000,72078.10000000,75292.82572600,1710201599999,5352704377.61880469,3043414,39435.85545900,2803359303.28697282,0
2024-03-12,72078.10000000,73000.00000000,68620.82000000,71452.01000000,68783.54669100,1710287999999,4909667978.55933818,3047890,34517.21293300,2465202174.40722632,0
2024-03-13,71452.00000000,73650.25000000,71333.31000000,73072.41000000,52659.71164700,1710374399999,3829764501.25379279,2501197,26787.08223700,1948382241.88946039,0
2024-03-14,73072.40000000,73777.00000000,68555.00000000,71388.94000000,71757.62874600,1710460799999,5132189849.09663160,2994869,35676.74832600,2552190396.88900670,0
2024-03-15,71388.94000000,72419.71000000,65600.00000000,69499.85000000,103334.03546000,1710547199999,7065279917.87211180,3904445,49844.66515000,3409385750.02117660,0
2024-03-16,69499.84000000,70043.00000000,64780.00000000,65300.63000000,55926.95336000,1710633599999,3788544202.88485590,2729019,27240.19894000,1846731512.27362330,0
2024-03-17,65300.64000000,68904.40000000,64533.00000000,68393.48000000,49742.21589000,1710719999999,3322963634.24251290,2449156,25328.29435000,1692079618.21131060,0
2024-03-18,68393.47000000,68956.00000000,66565.20000000,67609.99000000,55691.08088000,1710806399999,3768277912.41891810,2464515,28529.67219000,1930726566.24924600,0
2024-03-19,67610.00000000,68124.11000000,61555.00000000,61937.40000000,101005.32487000,1710892799999,6484805948.53539280,3593832,48205.28434000,3095258881.70227350,0
2024-03-20,61937.41000000,68100.00000000,60775.00000000,67840.51000000,90420.58592000,1710979199999,5769770052.06258300,3549793,45523.84281000,2907222064.13129160,0
2024-03-21,67840.51000000,68240.47000000,64529.01000000,65501.27000000,53357.48002000,1711065599999,3551223142.96441700,2388390,26650.09786000,1774833851.22152450,0
2024-03-22,65501.28000000,66649.62000000,62260.00000000,63796.64000000,51482.37821000,1711151999999,3310481978.10764530,2492881,24578.87957000,1580940164.12123740,0
2024-03-23,63796.64000000,65999.00000000,63000.00000000,63990.01000000,26410.11409000,1711238399999,1706152172.63161340,1753566,12749.00823000,823892846.71497700,0
2024-03-24,63990.02000000,67628.69000000,63772.29000000,67209.99000000,31395.78015000,1711324799999,2059312948.64868730,1880774,16689.65617000,1095820626.02919970,0
2024-03-25,67210.00000000,71150.00000000,66385.06000000,69880.01000000,53431.14486000,1711411199999,3679964073.81121250,2632220,27815.58769000,1915614174.23976360,0
2024-03-26,69880.00000000,71561.10000000,69280.00000000,69988.00000000,38934.38417000,1711497599999,2738537345.33588000,2176807,19498.85666000,1371708206.53887210,0
2024-03-27,69987.99000000,71769.54000000,68359.18000000,69469.99000000,49119.35685000,1711583999999,3426458581.94334340,2453366,24902.33470000,1737325915.83441790,0
2024-03-28,69469.99000000,71552.06000000,68903.62000000,70780.60000000,35439.03239000,1711670399999,2500571208.00262760,1799897,18007.26883000,1270852446.70774510,0
2024-03-29,70780.60000000,70916.16000000,69009.00000000,69850.54000000,25445.08353000,1711756799999,1779608477.32245370,1522607,11839.09290000,828039936.68545330,0
2024-03-30,69850.53000000,70321.10000000,69540.00000000,69582.18000000,13644.61142000,1711843199999,954555919.68557450,1110488,6423.89367000,449436189.73361900,0
2024-03-31,69582.17000000,71366.00000000,69562.99000000,71280.01000000,19396.34433000,1711929599999,1367523707.26124510,1181926,10142.47988000,715151368.94630210,0
2024-04-01,71280.00000000,71288.23000000,68062.86000000,69649.80000000,41445.32039000,1712015999999,2876486469.46552290,1893438,20211.15024000,1402849944.78228910,0
2024-04-02,69649.81000000,69674.23000000,64550.00000000,65463.99000000,71799.82793000,1712102399999,4750030717.92242550,2662410,35520.17401000,2348263612.30347050,0
2024-04-03,65463.99000000,66903.63000000,64493.07000000,65963.28000000,39887.21778000,1712188799999,2630556596.13592860,2172096,20618.58747000,1360363531.16595170,0
2024-04-04,65963.27000000,69309.91000000,65064.52000000,68487.79000000,41510.48453000,1712275199999,2795469450.57238580,2000945,21013.32173000,1415699952.03815850,0
2024-04-05,68487.80000000,68756.67000000,65952.56000000,67820.62000000,37915.23073000,1712361599999,2555458935.23600890,1901980,18889.98453000,1273220222.76258870,0
2024-04-06,67820.63000000,69692.00000000,67447.83000000,68896.00000000,20134.28919000,1712447999999,1373131967.76481860,1171460,9973.86412000,680800856.20965050,0
2024-04-07,68896.00000000,70326.29000000,68824.00000000,69360.39000000,21534.74433000,1712534399999,1496213373.18557760,1269048,11149.90398000,774906774.52828120,0
2024-04-08,69360.38000000,72797.99000000,69043.24000000,71620.00000000,45723.87624000,1712620799999,3270853309.66294220,2037025,25309.90487000,1811209901.71635400,0
2024-04-09,71620.00000000,71758.19000000,68210.00000000,69146.00000000,39293.90242000,1712707199999,2749007421.64210750,1804157,18896.53756000,1321865585.23805220,0
2024-04-10,69146.00000000,71172.08000000,67518.00000000,70631.08000000,42006.02377000,1712793599999,2901564970.81580420,1852170,20269.34809000,1401023003.73182270,0
2024-04-11,70631.08000000,71305.89000000,69567.21000000,70006.23000000,31917.25595000,1712879999999,2247473274.61625790,1658995,15908.49124000,1120249990.73575260,0
2024-04-12,70006.22000000,71227.46000000,65086.86000000,67116.52000000,56072.86229000,1712966399999,3843551585.32127470,2496617,25935.86464000,1777808491.17045420,0
2024-04-13,67116.52000000,67929.00000000,60660.57000000,63924.51000000,71395.22019000,1713052799999,4614468627.80904480,3341340,33221.66950000,2144846149.68091790,0
2024-04-14,63924.52000000,65840.00000000,62134.00000000,65661.84000000,61599.17818000,1713139199999,3946124834.69703540,2657953,29732.29634000,1904847012.50930860,0
2024-04-15,65661.85000000,66867.07000000,62274.40000000,63419.99000000,52389.53069000,1713225599999,3398072231.56122360,2539048,25206.68008000,1634572976.93981270,0
2024-04-16,63419.99000000,64365.00000000,61600.00000000,63793.39000000,53435.29331000,1713311999999,3355338198.44691320,2604354,26041.26640000,1635683129.30765320,0
2024-04-17,63793.40000000,64499.00000000,59678.16000000,61277.37000000,50610.54509000,1713398399999,3128625247.47385340,2458327,24346.74671000,1506361259.70135830,0
2024-04-18,61277.38000000,64117.09000000,60803.35000000,63470.08000000,43601.60918000,1713484799999,2726741448.88680220,2142511,20870.20705000,1305027167.93950820,0
2024-04-19,63470.09000000,65450.00000000,59600.01000000,63818.01000000,69774.30271000,1713571199999,4419893235.18328730,2828284,34941.50216000,2214809735.24024150,0
2024-04-20,63818.01000000,65419.00000000,63090.07000000,64940.59000000,23137.42975000,1713657599999,1486949581.43947920,1376712,11811.84440000,759077474.29729040,0
2024-04-21,64940.58000000,65695.56000000,64237.50000000,64941.15000000,19316.42152000,1713743999999,1254396628.15317660,1390153,9734.71767000,632257865.00824990,0
2024-04-22,64941.15000000,67232.35000000,64500.00000000,66819.32000000,31397.99371000,1713830399999,2071690434.97655200,1816591,16466.05497000,1086399264.60922710,0
2024-04-23,66819.32000000,67183.01000000,65765.81000000,66414.00000000,22599.90004000,1713916799999,1502139968.71988170,1433915,10854.17402000,721404825.84704100,0
2024-04-24,66414.00000000,67070.43000000,63606.06000000,64289.59000000,33595.69637000,1714003199999,2195714861.65765590,1784897,16899.50969000,1104368114.10586980,0
2024-04-25,64289.58000000,65297.94000000,62794.00000000,64498.34000000,31341.46338000,1714089599999,2007704069.26227290,1375324,14808.62959000,948738136.26843800,0
2024-04-26,64498.33000000,64820.01000000,63297.48000000,63770.01000000,27085.19346000,1714175999999,1736631357.35373870,1025561,13570.23647000,870093757.51889900,0
2024-04-27,63770.00000000,63923.41000000,62391.24000000,63461.98000000,20933.06052000,1714262399999,1320337707.78711590,912422,9903.95325000,624733409.21128790,0
2024-04-28,63461.98000000,64370.00000000,62781.00000000,63118.62000000,16949.20005000,1714348799999,1078450016.47322960,790652,7941.33811000,505261267.56950520,0
2024-04-29,63118.62000000,64228.35000000,61765.53000000,63866.00000000,28150.22947000,1714435199999,1765038324.68372130,1152296,13986.59437000,877053322.30799690,0
2024-04-30,63866.00000000,64734.00000000,59191.60000000,60672.00000000,54947.65535000,1714521599999,3372142467.43225250,1985671,26385.41614000,1620421850.57869910,0
2024-05-01,60672.01000000,60841.63000000,56552.82000000,58364.97000000,81166.46823000,1714607999999,4705572361.74020020,2401089,38203.57377000,2213404278.59001090,0
2024-05-02,58364.97000000,59625.00000000,56911.84000000,59060.61000000,47583.81961000,1714694399999,2778840305.05057860,1572898,23240.75370000,1356148775.88673650,0
2024-05-03,59060.60000000,63333.00000000,58811.32000000,62882.01000000,43628.40143000,1714780799999,2658193708.34790420,1558661,22145.44334000,1349687455.59576090,0
2024-05-04,62882.01000000,64540.00000000,62541.03000000,63892.04000000,24368.69282000,1714867199999,1547468697.87657970,1113509,12671.20599000,804768764.30625010,0
2024-05-05,63892.03000000,64646.00000000,62822.17000000,64012.00000000,18526.75029000,1714953599999,1182572239.53061830,992921,8954.93439000,571783428.23947070,0
2024-05-06,64012.00000000,65500.00000000,62700.00000000,63165.19000000,34674.91949000,1715039999999,2218131198.46613250,1392557,17179.56031000,1099303474.28052170,0
2024-05-07,63165.18000000,64422.41000000,62261.00000000,62312.08000000,25598.79472000,1715126399999,1624531631.59237700,1272898,12502.38281000,793575994.21410250,0
2024-05-08,62312.07000000,63020.22000000,60888.00000000,61193.03000000,26121.19004000,1715212799999,1623561041.12551880,1415152,12669.58179000,787749415.54808140,0
2024-05-09,61193.03000000,63429.03000000,60630.00000000,63074.01000000,30660.80610000,1715299199999,1895849912.77347550,1381957,15120.01471000,935341755.67823540,0
2024-05-10,63074.00000000,63469.13000000,60187.12000000,60799.99000000,36529.34025000,1715385599999,2255550468.41385220,1500643,18066.83174000,1116494638.28048920,0
2024-05-11,60799.99000000,61515.00000000,60487.09000000,60825.99000000,13374.56936000,1715471999999,814928013.45732880,753281,6223.09555000,379263096.21513300,0
2024-05-12,60825.99000000,61888.00000000,60610.00000000,61483.99000000,12753.13236000,1715558399999,781041632.46238350,727113,6416.91108000,393132351.88839250,0
2024-05-13,61484.00000000,63450.00000000,60749.21000000,62940.08000000,32733.41839000,1715644799999,2041896626.61081470,1371433,16717.90863000,1043060982.35746010,0
2024-05-14,62940.09000000,63118.36000000,61142.77000000,61577.49000000,29088.72041000,1715731199999,1800171876.16766540,1127939,13815.81443000,855088066.21248800,0
2024-05-15,61577.49000000,66444.16000000,61319.47000000,66206.50000000,43559.74719000,1715817599999,2794259631.89104640,1729454,21797.84094000,1398781701.44138860,0
2024-05-16,66206.51000000,66752.01000000,64602.77000000,65235.21000000,31106.36710000,1715903999999,2045507646.82938490,1269793,15645.11263000,1028962305.10438390,0
2024-05-17,65235.21000000,67451.20000000,65106.38000000,67024.00000000,26292.23409000,1715990399999,1745971822.34474550,1117254,13301.09525000,883129353.16334290,0
2024-05-18,67024.00000000,67400.01000000,66600.00000000,66915.20000000,14441.25774000,1716076799999,967145944.68353170,734067,6911.13424000,462859253.58791080,0
2024-05-19,66915.20000000,67700.00000000,65857.25000000,66274.01000000,18025.30409000,1716163199999,1204989222.87686860,823729,8692.17507000,581378180.33745970,0
2024-05-20,66274.00000000,71515.56000000,66060.31000000,71446.62000000,50816.70110000,1716249599999,3485474763.75229410,1930939,26792.52994000,1839346667.54078900,0
2024-05-21,71446.62000000,71979.00000000,69162.94000000,70148.34000000,49607.43360000,1716335999999,3509345769.23360780,2137448,24686.27911000,1746693652.32872200,0
2024-05-22,70148.34000000,70666.00000000,68842.19000000,69166.62000000,27673.18026000,1716422399999,1931700812.30321440,1371973,13124.78731000,916344293.91047570,0
2024-05-23,69166.62000000,70096.12000000,66312.16000000,67969.65000000,40513.17374000,1716508799999,2766790260.78860240,1827855,19791.15119000,1351640092.58136590,0
2024-05-24,67969.66000000,69250.00000000,66600.12000000,68549.99000000,28095.83664000,1716595199999,1906438696.71560120,1165907,14344.29889000,973457354.69577570,0
2024-05-25,68549.99000000,69610.00000000,68500.00000000,69290.57000000,12130.39418000,1716681599999,837339788.98389610,703803,5851.95991000,403954862.66947920,0
2024-05-26,69290.56000000,69562.23000000,68128.01000000,68507.67000000,11872.11797000,1716767999999,818914878.99088980,722849,5934.62083000,409411078.54609240,0
2024-05-27,68507.67000000,70687.56000000,68250.00000000,69436.43000000,23136.92737000,1716854399999,1604722197.83740280,1219341,11709.62174000,812172288.25763730,0
2024-05-28,69436.43000000,69591.81000000,67277.91000000,68398.39000000,32622.97042000,1716940799999,2224860225.79922270,1459351,15543.09776000,1059920452.31461710,0
2024-05-29,68398.40000000,68935.68000000,67124.65000000,67652.42000000,23159.83149000,1717027199999,1573095221.64839840,1221044,11748.55954000,797928379.36691790,0
2024-05-30,67652.41000000,69500.00000000,67128.00000000,68352.17000000,28478.21840000,1717113599999,1945001081.52158660,1272851,14074.36655000,961595245.17878340,0
2024-05-31,68352.17000000,69044.10000000,66670.00000000,67540.01000000,26690.32184000,1717199999999,1812659052.24967660,1177860,13258.10182000,900414200.11617690,0
2024-06-01,67540.01000000,67900.00000000,67428.44000000,67766.85000000,8837.66133000,1717286399999,598305207.99320460,638484,4235.27045000,286752060.40289290,0
2024-06-02,67766.84000000,68460.00000000,67257.47000000,67765.63000000,15426.32529000,1717372799999,1046827665.38293130,812348,7760.23377000,526768921.12622220,0
2024-06-03,67765.62000000,70288.00000000,67612.48000000,68809.90000000,29633.37400000,1717459199999,2047757076.22683570,1253789,15308.67275000,1058024704.35337320,0
2024-06-04,68809.89000000,71063.45000000,68567.32000000,70537.84000000,29619.78489000,1717545599999,2069902136.99324010,1254515,14922.96734000,1043071241.62848080,0
2024-06-05,70537.83000000,71758.00000000,70383.66000000,71108.00000000,28703.18082000,1717631999999,2040073765.86763960,1055115,14210.23392000,1010053925.79108140,0
2024-06-06,71108.00000000,71700.00000000,70117.64000000,70799.06000000,21842.00449000,1717718399999,1551467659.15429660,900226,10287.39110000,730849194.23039900,0
2024-06-07,70799.06000000,71997.02000000,68420.00000000,69355.60000000,35598.45045000,1717804799999,2507250591.33297820,1516415,17318.78051000,1220810920.34443310,0
2024-06-08,69355.60000000,69582.20000000,69168.02000000,69310.46000000,9773.82967000,1717891199999,678267390.53103880,714103,4772.23036000,331182466.90034250,0
2024-06-09,69310.46000000,69857.14000000,69130.24000000,69648.14000000,9890.56709000,1717977599999,687344656.07255660,575583,4883.69296000,339405376.08154470,0
2024-06-10,69648.15000000,70195.94000000,69172.29000000,69540.00000000,17122.66941000,1718063999999,1192466549.96912270,936731,8412.00246000,585909223.77581300,0
2024-06-11,69540.00000000,69590.01000000,66051.00000000,67314.24000000,41436.01588000,1718150399999,2793799020.46912430,1782415,19839.82320000,1337254654.99899240,0
2024-06-12,67314.23000000,69999.00000000,66905.00000000,68263.99000000,37175.32356000,1718236799999,2550285139.18437200,1670745,18975.89081000,1302069589.64168150,0
2024-06-13,68263.98000000,68449.30000000,66251.78000000,66773.01000000,29079.55571000,1718323199999,1958897960.91729170,1518202,13886.14007000,935614189.69868110,0
2024-06-14,66773.01000000,67370.24000000,65078.00000000,66043.99000000,28408.18797000,1718409599999,1884451554.42828490,1736314,13619.40861000,903708200.78497490,0
2024-06-15,66043.99000000,66478.48000000,65857.10000000,66228.25000000,11451.80242000,1718495999999,758175888.02833720,700886,5495.02083000,363796116.45357520,0
2024-06-16,66228.25000000,66998.70000000,66034.50000000,66676.87000000,9392.52223000,1718582399999,624653672.61385750,703295,4750.05166000,315940653.99261210,0
2024-06-17,66676.86000000,67298.81000000,65130.00000000,66504.33000000,27386.16851000,1718668799999,1812061226.75656550,1542620,13716.89431000,907703353.53049530,0
2024-06-18,66504.33000000,66588.23000000,64060.00000000,65175.32000000,42350.10244000,1718755199999,2755141806.03109010,2151711,20076.41361000,1305946733.58928080,0
2024-06-19,65175.32000000,65727.54000000,64666.00000000,64974.37000000,20060.79576000,1718841599999,1307731953.95453160,1078458,10289.78180000,670875724.31372840,0
2024-06-20,64974.37000000,66482.94000000,64559.15000000,64869.99000000,24265.29031000,1718927999999,1584896152.16637010,1282687,11828.87934000,772646071.21699650,0
2024-06-21,64869.99000000,65066.66000000,63379.35000000,64143.56000000,25993.56442000,1719014399999,1665541539.70861590,1362617,12543.25960000,803462610.69190860,0
2024-06-22,64143.56000000,64546.81000000,63943.82000000,64262.01000000,7308.95542000,1719100799999,470027247.34020830,562832,3756.29045000,241583895.45436180,0
2024-06-23,64262.01000000,64521.00000000,63178.32000000,63210.01000000,8224.45447000,1719187199999,526848525.00294520,592759,3974.67964000,254685735.53387730,0
2024-06-24,63210.01000000,63369.80000000,58402.00000000,60293.30000000,52161.35414000,1719273599999,3180853460.92475080,2190787,24495.59428000,1493633137.52665430,0
2024-06-25,60293.30000000,62420.00000000,60257.06000000,61806.01000000,31189.24361000,1719359999999,1914901308.84587010,1277481,15360.08458000,943071608.51094150,0
2024-06-26,61806.01000000,62487.81000000,60712.00000000,60864.99000000,22485.66463000,1719446399999,1381716993.35549190,1112152,11435.02653000,702676210.43654810,0
2024-06-27,60864.98000000,62389.22000000,60606.63000000,61706.47000000,18344.28631000,1719532799999,1126705164.78289200,1062176,9298.26500000,570914131.05718340,0
2024-06-28,61706.46000000,62225.31000000,60063.00000000,60427.84000000,24821.19255000,1719619199999,1519872032.02663600,1479626,12661.53908000,775499790.79123460,0
2024-06-29,60427.84000000,61224.00000000,60383.77000000,60986.68000000,11509.55904000,1719705599999,701345872.48811430,767669,5461.68911000,332791254.69089930,0
2024-06-30,60986.68000000,63058.76000000,60712.21000000,62772.01000000,17326.30136000,1719791999999,1070250012.54466050,1108912,8224.44601000,508208752.08569870,0
2024-07-01,62772.01000000,63861.76000000,62497.20000000,62899.99000000,24547.10538000,1719878399999,1550980813.67013450,1461508,12388.60654000,782785773.83555930,0
2024-07-02,62900.00000000,63288.83000000,61806.28000000,62135.47000000,18573.11875000,1719964799999,1160792332.61755960,1308816,9453.17931000,590763216.57998250,0
2024-07-03,62135.46000000,62285.94000000,59400.00000000,60208.58000000,32160.11127000,1720051199999,1945901232.90665710,1839372,15055.45492000,910631739.67384830,0
2024-07-04,60208.57000000,60498.19000000,56771.00000000,57050.01000000,54568.77276000,1720137599999,3168619756.24364850,2523236,24982.98822000,1450509608.68042170,0
2024-07-05,57050.02000000,57546.00000000,53485.93000000,56628.79000000,81348.24756000,1720223999999,4515040083.53651490,3749255,37926.65162000,2104682004.51668210,0
2024-07-06,56628.79000000,58475.00000000,56018.00000000,58230.13000000,21651.31558000,1720310399999,1235398733.43570290,1411065,11083.50401000,632724011.54747280,0
2024-07-07,58230.13000000,58449.46000000,55724.37000000,55857.81000000,19118.93918000,1720396799999,1094135752.45286890,1289229,9081.66872000,519830378.93556300,0
2024-07-08,55857.81000000,58236.73000000,54260.16000000,56714.62000000,48090.20490000,1720483199999,2699942701.37551110,2554389,23963.90684000,1346497811.21179220,0
2024-07-09,56714.61000000,58296.00000000,56289.45000000,58050.00000000,27732.20788000,1720569599999,1592351321.65538700,1757693,14143.25001000,812249336.74934340,0
2024-07-10,58050.00000000,59470.00000000,57157.79000000,57725.85000000,24951.73799000,1720655999999,1452293495.65014880,1766696,12423.53162000,723209557.64967550,0
2024-07-11,57725.85000000,59650.00000000,57050.00000000,57339.89000000,29761.05735000,1720742399999,1728929618.05838440,2157661,15019.30135000,872986677.11952730,0
2024-07-12,57339.89000000,58526.68000000,56542.47000000,57889.10000000,23652.45690000,1720828799999,1360201319.07615040,1749738,11488.82545000,661028735.66443120,0
2024-07-13,57889.09000000,59850.00000000,57756.63000000,59204.02000000,15357.74519000,1720915199999,900429281.14823270,1114391,7889.36244000,462600767.86107760,0
2024-07-14,59204.01000000,61420.69000000,59194.01000000,60797.91000000,21178.33907000,1721001599999,1273562988.61117610,1456088,10479.46025000,630300143.25984630,0
2024-07-15,60797.91000000,63730.00000000,60632.30000000,63450.00000000,29237.46208000,1721087999999,1831400634.92722930,2034962,14078.47144000,881854153.55178290,0
